Curr State,,Next State,,,,,,,100,,,,,,1000,,,,,10000,,,,100000,,,1000000
,,100,1000,10000,100000,1000000,1000000,,v1000,v10000,v100000,v1000000,v10000000,,v1000,v10000,v100000,v1000000,,v10000,v100000,v1000000,,v100000,v1000000,,v1000000
1010,,2010,2010,2010,2010,2010,2010,,TRUE,TRUE,TRUE,TRUE,TRUE,,TRUE,TRUE,TRUE,TRUE,,TRUE,TRUE,TRUE,,TRUE,TRUE,,TRUE
1011,,2110,2110,2110,2110,2110,2110,,TRUE,TRUE,TRUE,TRUE,TRUE,,TRUE,TRUE,TRUE,TRUE,,TRUE,TRUE,TRUE,,TRUE,TRUE,,TRUE
1020,,3010,3010,3010,3010,3010,3010,,TRUE,TRUE,TRUE,TRUE,TRUE,,TRUE,TRUE,TRUE,TRUE,,TRUE,TRUE,TRUE,,TRUE,TRUE,,TRUE
1021,,3110,2210,2210,2210,2210,2210,,FALSE,FALSE,FALSE,FALSE,FALSE,,TRUE,TRUE,TRUE,TRUE,,TRUE,TRUE,TRUE,,TRUE,TRUE,,TRUE
1022,,3210,3210,3210,3210,3210,3210,,TRUE,TRUE,TRUE,TRUE,TRUE,,TRUE,TRUE,TRUE,TRUE,,TRUE,TRUE,TRUE,,TRUE,TRUE,,TRUE
1030,,4010,4010,4010,4010,4010,4010,,TRUE,TRUE,TRUE,TRUE,TRUE,,TRUE,TRUE,TRUE,TRUE,,TRUE,TRUE,TRUE,,TRUE,TRUE,,TRUE
1031,,4110,3210,3210,3210,3210,3210,,FALSE,FALSE,FALSE,FALSE,FALSE,,TRUE,TRUE,TRUE,TRUE,,TRUE,TRUE,TRUE,,TRUE,TRUE,,TRUE
1032,,3310,3310,3310,3310,3310,3310,,TRUE,TRUE,TRUE,TRUE,TRUE,,TRUE,TRUE,TRUE,TRUE,,TRUE,TRUE,TRUE,,TRUE,TRUE,,TRUE
1033,,4310,4310,4310,4310,4310,4310,,TRUE,TRUE,TRUE,TRUE,TRUE,,TRUE,TRUE,TRUE,TRUE,,TRUE,TRUE,TRUE,,TRUE,TRUE,,TRUE
1040,,10,10,10,10,10,10,,TRUE,TRUE,TRUE,TRUE,TRUE,,TRUE,TRUE,TRUE,TRUE,,TRUE,TRUE,TRUE,,TRUE,TRUE,,TRUE
1041,,1010,1010,1010,1010,1010,1010,,TRUE,TRUE,TRUE,TRUE,TRUE,,TRUE,TRUE,TRUE,TRUE,,TRUE,TRUE,TRUE,,TRUE,TRUE,,TRUE
1042,,2010,2010,2010,2010,2010,2010,,TRUE,TRUE,TRUE,TRUE,TRUE,,TRUE,TRUE,TRUE,TRUE,,TRUE,TRUE,TRUE,,TRUE,TRUE,,TRUE
1043,,3010,3010,3010,3010,3010,3010,,TRUE,TRUE,TRUE,TRUE,TRUE,,TRUE,TRUE,TRUE,TRUE,,TRUE,TRUE,TRUE,,TRUE,TRUE,,TRUE
1044,,4010,4010,4010,4010,4010,4010,,TRUE,TRUE,TRUE,TRUE,TRUE,,TRUE,TRUE,TRUE,TRUE,,TRUE,TRUE,TRUE,,TRUE,TRUE,,TRUE
1110,,2011,2011,2011,2011,2011,2011,,TRUE,TRUE,TRUE,TRUE,TRUE,,TRUE,TRUE,TRUE,TRUE,,TRUE,TRUE,TRUE,,TRUE,TRUE,,TRUE
1111,,1120,1120,1120,1120,1120,1120,,TRUE,TRUE,TRUE,TRUE,TRUE,,TRUE,TRUE,TRUE,TRUE,,TRUE,TRUE,TRUE,,TRUE,TRUE,,TRUE
1120,,3011,3011,3011,3011,3011,3011,,TRUE,TRUE,TRUE,TRUE,TRUE,,TRUE,TRUE,TRUE,TRUE,,TRUE,TRUE,TRUE,,TRUE,TRUE,,TRUE
1121,,2120,3111,2211,2211,2211,2211,,FALSE,FALSE,FALSE,FALSE,FALSE,,FALSE,FALSE,FALSE,FALSE,,TRUE,TRUE,TRUE,,TRUE,TRUE,,TRUE
1122,,3211,3211,3211,3211,3211,3211,,TRUE,TRUE,TRUE,TRUE,TRUE,,TRUE,TRUE,TRUE,TRUE,,TRUE,TRUE,TRUE,,TRUE,TRUE,,TRUE
1130,,4011,4011,4011,4011,4011,4011,,TRUE,TRUE,TRUE,TRUE,TRUE,,TRUE,TRUE,TRUE,TRUE,,TRUE,TRUE,TRUE,,TRUE,TRUE,,TRUE
1131,,3211,3211,3211,3211,3211,3211,,TRUE,TRUE,TRUE,TRUE,TRUE,,TRUE,TRUE,TRUE,TRUE,,TRUE,TRUE,TRUE,,TRUE,TRUE,,TRUE
1132,,3311,3311,3311,3311,3311,3311,,TRUE,TRUE,TRUE,TRUE,TRUE,,TRUE,TRUE,TRUE,TRUE,,TRUE,TRUE,TRUE,,TRUE,TRUE,,TRUE
1133,,4311,4311,4311,4311,4311,4311,,TRUE,TRUE,TRUE,TRUE,TRUE,,TRUE,TRUE,TRUE,TRUE,,TRUE,TRUE,TRUE,,TRUE,TRUE,,TRUE
1140,,11,11,11,11,11,11,,TRUE,TRUE,TRUE,TRUE,TRUE,,TRUE,TRUE,TRUE,TRUE,,TRUE,TRUE,TRUE,,TRUE,TRUE,,TRUE
1141,,1011,1011,1011,1011,1011,1011,,TRUE,TRUE,TRUE,TRUE,TRUE,,TRUE,TRUE,TRUE,TRUE,,TRUE,TRUE,TRUE,,TRUE,TRUE,,TRUE
1142,,4220,2011,2011,2011,2011,2011,,FALSE,FALSE,FALSE,FALSE,FALSE,,TRUE,TRUE,TRUE,TRUE,,TRUE,TRUE,TRUE,,TRUE,TRUE,,TRUE
1143,,3011,3011,3011,3011,3011,3011,,TRUE,TRUE,TRUE,TRUE,TRUE,,TRUE,TRUE,TRUE,TRUE,,TRUE,TRUE,TRUE,,TRUE,TRUE,,TRUE
1144,,4011,4011,4011,4011,4011,4011,,TRUE,TRUE,TRUE,TRUE,TRUE,,TRUE,TRUE,TRUE,TRUE,,TRUE,TRUE,TRUE,,TRUE,TRUE,,TRUE
2010,,1011,1011,1011,1011,1011,1011,,TRUE,TRUE,TRUE,TRUE,TRUE,,TRUE,TRUE,TRUE,TRUE,,TRUE,TRUE,TRUE,,TRUE,TRUE,,TRUE
2011,,1111,1111,1111,1111,1111,1111,,TRUE,TRUE,TRUE,TRUE,TRUE,,TRUE,TRUE,TRUE,TRUE,,TRUE,TRUE,TRUE,,TRUE,TRUE,,TRUE
2020,,4020,4020,4020,4020,4020,4020,,TRUE,TRUE,TRUE,TRUE,TRUE,,TRUE,TRUE,TRUE,TRUE,,TRUE,TRUE,TRUE,,TRUE,TRUE,,TRUE
2021,,2111,2111,2111,2111,2111,2111,,TRUE,TRUE,TRUE,TRUE,TRUE,,TRUE,TRUE,TRUE,TRUE,,TRUE,TRUE,TRUE,,TRUE,TRUE,,TRUE
2022,,2211,2211,2211,2211,2211,2211,,TRUE,TRUE,TRUE,TRUE,TRUE,,TRUE,TRUE,TRUE,TRUE,,TRUE,TRUE,TRUE,,TRUE,TRUE,,TRUE
2030,,20,20,20,20,20,20,,TRUE,TRUE,TRUE,TRUE,TRUE,,TRUE,TRUE,TRUE,TRUE,,TRUE,TRUE,TRUE,,TRUE,TRUE,,TRUE
2031,,1020,3111,3111,3111,3111,3111,,FALSE,FALSE,FALSE,FALSE,FALSE,,TRUE,TRUE,TRUE,TRUE,,TRUE,TRUE,TRUE,,TRUE,TRUE,,TRUE
2032,,3211,3211,3211,3211,3211,3211,,TRUE,TRUE,TRUE,TRUE,TRUE,,TRUE,TRUE,TRUE,TRUE,,TRUE,TRUE,TRUE,,TRUE,TRUE,,TRUE
2033,,3311,3311,3311,3311,3311,3311,,TRUE,TRUE,TRUE,TRUE,TRUE,,TRUE,TRUE,TRUE,TRUE,,TRUE,TRUE,TRUE,,TRUE,TRUE,,TRUE
2040,,4011,4011,4011,4011,4011,4011,,TRUE,TRUE,TRUE,TRUE,TRUE,,TRUE,TRUE,TRUE,TRUE,,TRUE,TRUE,TRUE,,TRUE,TRUE,,TRUE
2041,,1120,1120,1120,1120,1120,1120,,TRUE,TRUE,TRUE,TRUE,TRUE,,TRUE,TRUE,TRUE,TRUE,,TRUE,TRUE,TRUE,,TRUE,TRUE,,TRUE
2042,,4211,2120,2120,2120,2120,2120,,FALSE,FALSE,FALSE,FALSE,FALSE,,TRUE,TRUE,TRUE,TRUE,,TRUE,TRUE,TRUE,,TRUE,TRUE,,TRUE
2043,,4020,4020,4020,4020,4020,4020,,TRUE,TRUE,TRUE,TRUE,TRUE,,TRUE,TRUE,TRUE,TRUE,,TRUE,TRUE,TRUE,,TRUE,TRUE,,TRUE
2044,,4120,4120,4120,4120,4120,4120,,TRUE,TRUE,TRUE,TRUE,TRUE,,TRUE,TRUE,TRUE,TRUE,,TRUE,TRUE,TRUE,,TRUE,TRUE,,TRUE
2110,,1030,1030,1030,1030,1030,1030,,TRUE,TRUE,TRUE,TRUE,TRUE,,TRUE,TRUE,TRUE,TRUE,,TRUE,TRUE,TRUE,,TRUE,TRUE,,TRUE
2111,,2121,1130,1130,1130,1130,1130,,FALSE,FALSE,FALSE,FALSE,FALSE,,TRUE,TRUE,TRUE,TRUE,,TRUE,TRUE,TRUE,,TRUE,TRUE,,TRUE
2120,,4021,4021,4021,4021,4021,4021,,TRUE,TRUE,TRUE,TRUE,TRUE,,TRUE,TRUE,TRUE,TRUE,,TRUE,TRUE,TRUE,,TRUE,TRUE,,TRUE
2121,,2221,2221,2221,2221,2221,2221,,TRUE,TRUE,TRUE,TRUE,TRUE,,TRUE,TRUE,TRUE,TRUE,,TRUE,TRUE,TRUE,,TRUE,TRUE,,TRUE
2122,,3221,4221,4221,4221,4221,4221,,FALSE,FALSE,FALSE,FALSE,FALSE,,TRUE,TRUE,TRUE,TRUE,,TRUE,TRUE,TRUE,,TRUE,TRUE,,TRUE
2130,,21,21,21,21,21,21,,TRUE,TRUE,TRUE,TRUE,TRUE,,TRUE,TRUE,TRUE,TRUE,,TRUE,TRUE,TRUE,,TRUE,TRUE,,TRUE
2131,,3130,3221,3221,3221,3221,3221,,FALSE,FALSE,FALSE,FALSE,FALSE,,TRUE,TRUE,TRUE,TRUE,,TRUE,TRUE,TRUE,,TRUE,TRUE,,TRUE
2132,,4321,2021,2021,2021,2021,2021,,FALSE,FALSE,FALSE,FALSE,FALSE,,TRUE,TRUE,TRUE,TRUE,,TRUE,TRUE,TRUE,,TRUE,TRUE,,TRUE
2133,,4321,4321,3021,3021,3021,3021,,TRUE,FALSE,FALSE,FALSE,FALSE,,FALSE,FALSE,FALSE,FALSE,,TRUE,TRUE,TRUE,,TRUE,TRUE,,TRUE
2140,,21,21,21,21,21,21,,TRUE,TRUE,TRUE,TRUE,TRUE,,TRUE,TRUE,TRUE,TRUE,,TRUE,TRUE,TRUE,,TRUE,TRUE,,TRUE
2141,,1121,4221,4221,4221,4221,4221,,FALSE,FALSE,FALSE,FALSE,FALSE,,TRUE,TRUE,TRUE,TRUE,,TRUE,TRUE,TRUE,,TRUE,TRUE,,TRUE
2142,,2121,2021,2021,2021,2021,2021,,FALSE,FALSE,FALSE,FALSE,FALSE,,TRUE,TRUE,TRUE,TRUE,,TRUE,TRUE,TRUE,,TRUE,TRUE,,TRUE
2143,,4421,4021,4021,4021,4021,4021,,FALSE,FALSE,FALSE,FALSE,FALSE,,TRUE,TRUE,TRUE,TRUE,,TRUE,TRUE,TRUE,,TRUE,TRUE,,TRUE
2144,,4021,4121,4021,4021,4021,4021,,FALSE,TRUE,TRUE,TRUE,TRUE,,FALSE,FALSE,FALSE,FALSE,,TRUE,TRUE,TRUE,,TRUE,TRUE,,TRUE
2210,,1031,1031,1031,1031,1031,1031,,TRUE,TRUE,TRUE,TRUE,TRUE,,TRUE,TRUE,TRUE,TRUE,,TRUE,TRUE,TRUE,,TRUE,TRUE,,TRUE
2211,,1131,1131,1131,1131,1131,1131,,TRUE,TRUE,TRUE,TRUE,TRUE,,TRUE,TRUE,TRUE,TRUE,,TRUE,TRUE,TRUE,,TRUE,TRUE,,TRUE
2220,,4022,4022,2031,2031,2031,2031,,TRUE,FALSE,FALSE,FALSE,FALSE,,FALSE,FALSE,FALSE,FALSE,,TRUE,TRUE,TRUE,,TRUE,TRUE,,TRUE
2221,,4122,4122,2131,2131,2131,2131,,TRUE,FALSE,FALSE,FALSE,FALSE,,FALSE,FALSE,FALSE,FALSE,,TRUE,TRUE,TRUE,,TRUE,TRUE,,TRUE
2222,,2240,2231,2231,2231,2231,2231,,FALSE,FALSE,FALSE,FALSE,FALSE,,TRUE,TRUE,TRUE,TRUE,,TRUE,TRUE,TRUE,,TRUE,TRUE,,TRUE
2230,,22,22,22,22,22,22,,TRUE,TRUE,TRUE,TRUE,TRUE,,TRUE,TRUE,TRUE,TRUE,,TRUE,TRUE,TRUE,,TRUE,TRUE,,TRUE
2231,,3131,1022,1022,1022,1022,1022,,FALSE,FALSE,FALSE,FALSE,FALSE,,TRUE,TRUE,TRUE,TRUE,,TRUE,TRUE,TRUE,,TRUE,TRUE,,TRUE
2232,,3231,3231,2022,2022,2022,2022,,TRUE,FALSE,FALSE,FALSE,FALSE,,FALSE,FALSE,FALSE,FALSE,,TRUE,TRUE,TRUE,,TRUE,TRUE,,TRUE
2233,,3331,3331,3022,3022,3022,3022,,TRUE,FALSE,FALSE,FALSE,FALSE,,FALSE,FALSE,FALSE,FALSE,,TRUE,TRUE,TRUE,,TRUE,TRUE,,TRUE
2240,,1022,1022,1022,1022,1022,1022,,TRUE,TRUE,TRUE,TRUE,TRUE,,TRUE,TRUE,TRUE,TRUE,,TRUE,TRUE,TRUE,,TRUE,TRUE,,TRUE
2241,,4322,4322,1122,1122,1122,1122,,TRUE,FALSE,FALSE,FALSE,FALSE,,FALSE,FALSE,FALSE,FALSE,,TRUE,TRUE,TRUE,,TRUE,TRUE,,TRUE
2242,,2122,2122,2122,2122,2122,2122,,TRUE,TRUE,TRUE,TRUE,TRUE,,TRUE,TRUE,TRUE,TRUE,,TRUE,TRUE,TRUE,,TRUE,TRUE,,TRUE
2243,,3122,4022,4022,4022,4022,4022,,FALSE,FALSE,FALSE,FALSE,FALSE,,TRUE,TRUE,TRUE,TRUE,,TRUE,TRUE,TRUE,,TRUE,TRUE,,TRUE
2244,,4122,4122,4431,4122,4122,4122,,TRUE,FALSE,TRUE,TRUE,TRUE,,FALSE,TRUE,TRUE,TRUE,,FALSE,FALSE,FALSE,,TRUE,TRUE,,TRUE
3010,,1021,4030,4030,4030,4030,4030,,FALSE,FALSE,FALSE,FALSE,FALSE,,TRUE,TRUE,TRUE,TRUE,,TRUE,TRUE,TRUE,,TRUE,TRUE,,TRUE
3011,,4130,4130,1121,1121,1121,1121,,TRUE,FALSE,FALSE,FALSE,FALSE,,FALSE,FALSE,FALSE,FALSE,,TRUE,TRUE,TRUE,,TRUE,TRUE,,TRUE
3020,,30,30,30,30,30,30,,TRUE,TRUE,TRUE,TRUE,TRUE,,TRUE,TRUE,TRUE,TRUE,,TRUE,TRUE,TRUE,,TRUE,TRUE,,TRUE
3021,,1030,1030,1030,1030,1030,1030,,TRUE,TRUE,TRUE,TRUE,TRUE,,TRUE,TRUE,TRUE,TRUE,,TRUE,TRUE,TRUE,,TRUE,TRUE,,TRUE
3022,,2221,2221,2221,2221,2221,2221,,TRUE,TRUE,TRUE,TRUE,TRUE,,TRUE,TRUE,TRUE,TRUE,,TRUE,TRUE,TRUE,,TRUE,TRUE,,TRUE
3030,,3021,1030,1030,1030,1030,1030,,FALSE,FALSE,FALSE,FALSE,FALSE,,TRUE,TRUE,TRUE,TRUE,,TRUE,TRUE,TRUE,,TRUE,TRUE,,TRUE
3031,,1130,1130,1130,1130,1130,1130,,TRUE,TRUE,TRUE,TRUE,TRUE,,TRUE,TRUE,TRUE,TRUE,,TRUE,TRUE,TRUE,,TRUE,TRUE,,TRUE
3032,,3030,3030,3221,3221,3221,3221,,TRUE,FALSE,FALSE,FALSE,FALSE,,FALSE,FALSE,FALSE,FALSE,,TRUE,TRUE,TRUE,,TRUE,TRUE,,TRUE
3033,,3321,3321,3321,3130,3130,3130,,TRUE,TRUE,FALSE,FALSE,FALSE,,TRUE,FALSE,FALSE,FALSE,,FALSE,FALSE,FALSE,,TRUE,TRUE,,TRUE
3040,,4021,4021,4021,4021,4021,4021,,TRUE,TRUE,TRUE,TRUE,TRUE,,TRUE,TRUE,TRUE,TRUE,,TRUE,TRUE,TRUE,,TRUE,TRUE,,TRUE
3041,,4121,4121,4121,4121,4121,4121,,TRUE,TRUE,TRUE,TRUE,TRUE,,TRUE,TRUE,TRUE,TRUE,,TRUE,TRUE,TRUE,,TRUE,TRUE,,TRUE
3042,,4221,4221,4221,4030,4221,4221,,TRUE,TRUE,FALSE,TRUE,TRUE,,TRUE,FALSE,TRUE,TRUE,,FALSE,TRUE,TRUE,,FALSE,FALSE,,TRUE
3043,,3230,4321,4321,4321,4130,4130,,FALSE,FALSE,FALSE,FALSE,FALSE,,TRUE,TRUE,FALSE,FALSE,,TRUE,FALSE,FALSE,,FALSE,FALSE,,TRUE
3044,,4421,4421,4421,4421,4421,4421,,TRUE,TRUE,TRUE,TRUE,TRUE,,TRUE,TRUE,TRUE,TRUE,,TRUE,TRUE,TRUE,,TRUE,TRUE,,TRUE
3110,,2031,2031,2031,2031,2031,2031,,TRUE,TRUE,TRUE,TRUE,TRUE,,TRUE,TRUE,TRUE,TRUE,,TRUE,TRUE,TRUE,,TRUE,TRUE,,TRUE
3111,,2131,2131,2131,2131,2131,2131,,TRUE,TRUE,TRUE,TRUE,TRUE,,TRUE,TRUE,TRUE,TRUE,,TRUE,TRUE,TRUE,,TRUE,TRUE,,TRUE
3120,,31,31,31,31,31,31,,TRUE,TRUE,TRUE,TRUE,TRUE,,TRUE,TRUE,TRUE,TRUE,,TRUE,TRUE,TRUE,,TRUE,TRUE,,TRUE
3121,,2122,1031,1031,1031,1031,1031,,FALSE,FALSE,FALSE,FALSE,FALSE,,TRUE,TRUE,TRUE,TRUE,,TRUE,TRUE,TRUE,,TRUE,TRUE,,TRUE
3122,,2031,2031,2031,2031,2031,2031,,TRUE,TRUE,TRUE,TRUE,TRUE,,TRUE,TRUE,TRUE,TRUE,,TRUE,TRUE,TRUE,,TRUE,TRUE,,TRUE
3130,,1031,3040,1031,1031,1031,1031,,FALSE,TRUE,TRUE,TRUE,TRUE,,FALSE,FALSE,FALSE,FALSE,,TRUE,TRUE,TRUE,,TRUE,TRUE,,TRUE
3131,,1131,1131,1131,1131,1131,1131,,TRUE,TRUE,TRUE,TRUE,TRUE,,TRUE,TRUE,TRUE,TRUE,,TRUE,TRUE,TRUE,,TRUE,TRUE,,TRUE
3132,,4231,2131,2131,2131,2131,2131,,FALSE,FALSE,FALSE,FALSE,FALSE,,TRUE,TRUE,TRUE,TRUE,,TRUE,TRUE,TRUE,,TRUE,TRUE,,TRUE
3133,,3131,3322,3131,3131,3131,3131,,FALSE,TRUE,TRUE,TRUE,TRUE,,FALSE,FALSE,FALSE,FALSE,,TRUE,TRUE,TRUE,,TRUE,TRUE,,TRUE
3140,,31,31,31,31,31,31,,TRUE,TRUE,TRUE,TRUE,TRUE,,TRUE,TRUE,TRUE,TRUE,,TRUE,TRUE,TRUE,,TRUE,TRUE,,TRUE
3141,,4231,1031,1031,1031,1031,1031,,FALSE,FALSE,FALSE,FALSE,FALSE,,TRUE,TRUE,TRUE,TRUE,,TRUE,TRUE,TRUE,,TRUE,TRUE,,TRUE
3142,,2231,2031,2031,2031,2031,2031,,FALSE,FALSE,FALSE,FALSE,FALSE,,TRUE,TRUE,TRUE,TRUE,,TRUE,TRUE,TRUE,,TRUE,TRUE,,TRUE
3143,,4131,4322,3031,3031,3031,3031,,FALSE,FALSE,FALSE,FALSE,FALSE,,FALSE,FALSE,FALSE,FALSE,,TRUE,TRUE,TRUE,,TRUE,TRUE,,TRUE
3144,,4231,4422,4231,4031,4031,4031,,FALSE,TRUE,FALSE,FALSE,FALSE,,FALSE,FALSE,FALSE,FALSE,,FALSE,FALSE,FALSE,,TRUE,TRUE,,TRUE
3210,,1041,1041,1041,1041,1041,1041,,TRUE,TRUE,TRUE,TRUE,TRUE,,TRUE,TRUE,TRUE,TRUE,,TRUE,TRUE,TRUE,,TRUE,TRUE,,TRUE
3211,,3132,1141,1141,1141,1141,1141,,FALSE,FALSE,FALSE,FALSE,FALSE,,TRUE,TRUE,TRUE,TRUE,,TRUE,TRUE,TRUE,,TRUE,TRUE,,TRUE
3220,,32,32,32,32,32,32,,TRUE,TRUE,TRUE,TRUE,TRUE,,TRUE,TRUE,TRUE,TRUE,,TRUE,TRUE,TRUE,,TRUE,TRUE,,TRUE
3221,,1032,1032,1032,1032,1032,1032,,TRUE,TRUE,TRUE,TRUE,TRUE,,TRUE,TRUE,TRUE,TRUE,,TRUE,TRUE,TRUE,,TRUE,TRUE,,TRUE
3222,,2032,2032,2032,2032,2032,2032,,TRUE,TRUE,TRUE,TRUE,TRUE,,TRUE,TRUE,TRUE,TRUE,,TRUE,TRUE,TRUE,,TRUE,TRUE,,TRUE
3230,,1032,1032,32,32,32,32,,TRUE,FALSE,FALSE,FALSE,FALSE,,FALSE,FALSE,FALSE,FALSE,,TRUE,TRUE,TRUE,,TRUE,TRUE,,TRUE
3231,,3332,1032,1032,1032,1032,1032,,FALSE,FALSE,FALSE,FALSE,FALSE,,TRUE,TRUE,TRUE,TRUE,,TRUE,TRUE,TRUE,,TRUE,TRUE,,TRUE
3232,,2132,2132,2032,2032,2032,2032,,TRUE,FALSE,FALSE,FALSE,FALSE,,FALSE,FALSE,FALSE,FALSE,,TRUE,TRUE,TRUE,,TRUE,TRUE,,TRUE
3233,,3032,3132,3032,3032,3032,3032,,FALSE,TRUE,TRUE,TRUE,TRUE,,FALSE,FALSE,FALSE,FALSE,,TRUE,TRUE,TRUE,,TRUE,TRUE,,TRUE
3240,,1032,1032,1032,2032,1032,1032,,TRUE,TRUE,FALSE,TRUE,TRUE,,TRUE,FALSE,TRUE,TRUE,,FALSE,TRUE,TRUE,,FALSE,FALSE,,TRUE
3241,,1132,1132,1132,1132,1132,1132,,TRUE,TRUE,TRUE,TRUE,TRUE,,TRUE,TRUE,TRUE,TRUE,,TRUE,TRUE,TRUE,,TRUE,TRUE,,TRUE
3242,,2132,4032,4032,2132,2132,2132,,FALSE,FALSE,TRUE,TRUE,TRUE,,TRUE,FALSE,FALSE,FALSE,,FALSE,FALSE,FALSE,,TRUE,TRUE,,TRUE
3243,,4032,4032,4032,4032,4032,4032,,TRUE,TRUE,TRUE,TRUE,TRUE,,TRUE,TRUE,TRUE,TRUE,,TRUE,TRUE,TRUE,,TRUE,TRUE,,TRUE
3244,,4132,4232,4232,4232,4232,4132,,FALSE,FALSE,FALSE,FALSE,TRUE,,TRUE,TRUE,TRUE,FALSE,,TRUE,TRUE,FALSE,,TRUE,FALSE,,FALSE
3310,,4033,1042,1042,1042,1042,1042,,FALSE,FALSE,FALSE,FALSE,FALSE,,TRUE,TRUE,TRUE,TRUE,,TRUE,TRUE,TRUE,,TRUE,TRUE,,TRUE
3311,,4133,1142,1142,1142,1142,1142,,FALSE,FALSE,FALSE,FALSE,FALSE,,TRUE,TRUE,TRUE,TRUE,,TRUE,TRUE,TRUE,,TRUE,TRUE,,TRUE
3320,,33,33,33,33,33,33,,TRUE,TRUE,TRUE,TRUE,TRUE,,TRUE,TRUE,TRUE,TRUE,,TRUE,TRUE,TRUE,,TRUE,TRUE,,TRUE
3321,,2142,1033,1033,1033,1033,1033,,FALSE,FALSE,FALSE,FALSE,FALSE,,TRUE,TRUE,TRUE,TRUE,,TRUE,TRUE,TRUE,,TRUE,TRUE,,TRUE
3322,,2242,2033,2033,2033,2033,2033,,FALSE,FALSE,FALSE,FALSE,FALSE,,TRUE,TRUE,TRUE,TRUE,,TRUE,TRUE,TRUE,,TRUE,TRUE,,TRUE
3330,,3042,1033,1033,1033,1033,1033,,FALSE,FALSE,FALSE,FALSE,FALSE,,TRUE,TRUE,TRUE,TRUE,,TRUE,TRUE,TRUE,,TRUE,TRUE,,TRUE
3331,,1133,1133,1133,1133,1133,1133,,TRUE,TRUE,TRUE,TRUE,TRUE,,TRUE,TRUE,TRUE,TRUE,,TRUE,TRUE,TRUE,,TRUE,TRUE,,TRUE
3332,,2133,2133,2133,3033,3033,3033,,TRUE,TRUE,FALSE,FALSE,FALSE,,TRUE,FALSE,FALSE,FALSE,,FALSE,FALSE,FALSE,,TRUE,TRUE,,TRUE
3333,,3133,3133,3133,3133,3133,3133,,TRUE,TRUE,TRUE,TRUE,TRUE,,TRUE,TRUE,TRUE,TRUE,,TRUE,TRUE,TRUE,,TRUE,TRUE,,TRUE
3340,,4042,4042,2033,2033,2033,2033,,TRUE,FALSE,FALSE,FALSE,FALSE,,FALSE,FALSE,FALSE,FALSE,,TRUE,TRUE,TRUE,,TRUE,TRUE,,TRUE
3341,,2133,2133,2133,2133,2133,2133,,TRUE,TRUE,TRUE,TRUE,TRUE,,TRUE,TRUE,TRUE,TRUE,,TRUE,TRUE,TRUE,,TRUE,TRUE,,TRUE
3342,,4033,4033,4033,4033,4033,4033,,TRUE,TRUE,TRUE,TRUE,TRUE,,TRUE,TRUE,TRUE,TRUE,,TRUE,TRUE,TRUE,,TRUE,TRUE,,TRUE
3343,,4133,4133,4133,4133,4133,4133,,TRUE,TRUE,TRUE,TRUE,TRUE,,TRUE,TRUE,TRUE,TRUE,,TRUE,TRUE,TRUE,,TRUE,TRUE,,TRUE
3344,,4233,4233,4233,4442,4442,4442,,TRUE,TRUE,FALSE,FALSE,FALSE,,TRUE,FALSE,FALSE,FALSE,,FALSE,FALSE,FALSE,,TRUE,TRUE,,TRUE
4010,,40,40,40,40,40,40,,TRUE,TRUE,TRUE,TRUE,TRUE,,TRUE,TRUE,TRUE,TRUE,,TRUE,TRUE,TRUE,,TRUE,TRUE,,TRUE
4011,,1122,1131,1131,1131,1131,1131,,FALSE,FALSE,FALSE,FALSE,FALSE,,TRUE,TRUE,TRUE,TRUE,,TRUE,TRUE,TRUE,,TRUE,TRUE,,TRUE
4020,,2031,2031,2031,2031,2031,2031,,TRUE,TRUE,TRUE,TRUE,TRUE,,TRUE,TRUE,TRUE,TRUE,,TRUE,TRUE,TRUE,,TRUE,TRUE,,TRUE
4021,,2122,2122,2122,2122,2122,2122,,TRUE,TRUE,TRUE,TRUE,TRUE,,TRUE,TRUE,TRUE,TRUE,,TRUE,TRUE,TRUE,,TRUE,TRUE,,TRUE
4022,,2140,2231,2231,2231,2231,2231,,FALSE,FALSE,FALSE,FALSE,FALSE,,TRUE,TRUE,TRUE,TRUE,,TRUE,TRUE,TRUE,,TRUE,TRUE,,TRUE
4030,,3022,3022,3022,3022,3022,3022,,TRUE,TRUE,TRUE,TRUE,TRUE,,TRUE,TRUE,TRUE,TRUE,,TRUE,TRUE,TRUE,,TRUE,TRUE,,TRUE
4031,,3040,3040,3040,3040,3040,3040,,TRUE,TRUE,TRUE,TRUE,TRUE,,TRUE,TRUE,TRUE,TRUE,,TRUE,TRUE,TRUE,,TRUE,TRUE,,TRUE
4032,,2240,3231,2240,2240,2240,2240,,FALSE,TRUE,TRUE,TRUE,TRUE,,FALSE,FALSE,FALSE,FALSE,,TRUE,TRUE,TRUE,,TRUE,TRUE,,TRUE
4033,,3322,3322,3331,3331,3331,3331,,TRUE,FALSE,FALSE,FALSE,FALSE,,FALSE,FALSE,FALSE,FALSE,,TRUE,TRUE,TRUE,,TRUE,TRUE,,TRUE
4040,,3040,3040,3040,3040,3040,3040,,TRUE,TRUE,TRUE,TRUE,TRUE,,TRUE,TRUE,TRUE,TRUE,,TRUE,TRUE,TRUE,,TRUE,TRUE,,TRUE
4041,,4122,4122,4122,4122,4122,4122,,TRUE,TRUE,TRUE,TRUE,TRUE,,TRUE,TRUE,TRUE,TRUE,,TRUE,TRUE,TRUE,,TRUE,TRUE,,TRUE
4042,,4231,4231,4222,4222,4222,4222,,TRUE,FALSE,FALSE,FALSE,FALSE,,FALSE,FALSE,FALSE,FALSE,,TRUE,TRUE,TRUE,,TRUE,TRUE,,TRUE
4043,,3340,4240,4322,4322,4322,4322,,FALSE,FALSE,FALSE,FALSE,FALSE,,FALSE,FALSE,FALSE,FALSE,,TRUE,TRUE,TRUE,,TRUE,TRUE,,TRUE
4044,,4340,4422,4431,4422,4422,4422,,FALSE,FALSE,FALSE,FALSE,FALSE,,FALSE,TRUE,TRUE,TRUE,,FALSE,FALSE,FALSE,,TRUE,TRUE,,TRUE
4110,,1032,41,41,41,41,41,,FALSE,FALSE,FALSE,FALSE,FALSE,,TRUE,TRUE,TRUE,TRUE,,TRUE,TRUE,TRUE,,TRUE,TRUE,,TRUE
4111,,1132,1041,1041,1041,1041,1041,,FALSE,FALSE,FALSE,FALSE,FALSE,,TRUE,TRUE,TRUE,TRUE,,TRUE,TRUE,TRUE,,TRUE,TRUE,,TRUE
4120,,1041,1041,1041,1041,1041,1041,,TRUE,TRUE,TRUE,TRUE,TRUE,,TRUE,TRUE,TRUE,TRUE,,TRUE,TRUE,TRUE,,TRUE,TRUE,,TRUE
4121,,1141,2241,2041,2041,2041,2041,,FALSE,FALSE,FALSE,FALSE,FALSE,,FALSE,FALSE,FALSE,FALSE,,TRUE,TRUE,TRUE,,TRUE,TRUE,,TRUE
4122,,2232,2232,2141,2141,2141,2141,,TRUE,FALSE,FALSE,FALSE,FALSE,,FALSE,FALSE,FALSE,FALSE,,TRUE,TRUE,TRUE,,TRUE,TRUE,,TRUE
4130,,2041,2041,2041,2041,2041,2041,,TRUE,TRUE,TRUE,TRUE,TRUE,,TRUE,TRUE,TRUE,TRUE,,TRUE,TRUE,TRUE,,TRUE,TRUE,,TRUE
4131,,3041,3041,3041,3041,3041,3041,,TRUE,TRUE,TRUE,TRUE,TRUE,,TRUE,TRUE,TRUE,TRUE,,TRUE,TRUE,TRUE,,TRUE,TRUE,,TRUE
4132,,2241,3141,2241,2241,2241,2241,,FALSE,TRUE,TRUE,TRUE,TRUE,,FALSE,FALSE,FALSE,FALSE,,TRUE,TRUE,TRUE,,TRUE,TRUE,,TRUE
4133,,3241,4341,3332,3241,3241,3241,,FALSE,FALSE,TRUE,TRUE,TRUE,,FALSE,FALSE,FALSE,FALSE,,FALSE,FALSE,FALSE,,TRUE,TRUE,,TRUE
4140,,41,41,41,41,41,41,,TRUE,TRUE,TRUE,TRUE,TRUE,,TRUE,TRUE,TRUE,TRUE,,TRUE,TRUE,TRUE,,TRUE,TRUE,,TRUE
4141,,4241,4132,1041,1041,1041,1041,,FALSE,FALSE,FALSE,FALSE,FALSE,,FALSE,FALSE,FALSE,FALSE,,TRUE,TRUE,TRUE,,TRUE,TRUE,,TRUE
4142,,2041,2041,2041,2041,2041,2041,,TRUE,TRUE,TRUE,TRUE,TRUE,,TRUE,TRUE,TRUE,TRUE,,TRUE,TRUE,TRUE,,TRUE,TRUE,,TRUE
4143,,3041,3041,3041,3041,3041,3041,,TRUE,TRUE,TRUE,TRUE,TRUE,,TRUE,TRUE,TRUE,TRUE,,TRUE,TRUE,TRUE,,TRUE,TRUE,,TRUE
4144,,4041,4041,4041,4041,4041,4041,,TRUE,TRUE,TRUE,TRUE,TRUE,,TRUE,TRUE,TRUE,TRUE,,TRUE,TRUE,TRUE,,TRUE,TRUE,,TRUE
4210,,42,42,42,42,42,42,,TRUE,TRUE,TRUE,TRUE,TRUE,,TRUE,TRUE,TRUE,TRUE,,TRUE,TRUE,TRUE,,TRUE,TRUE,,TRUE
4211,,1042,1133,1133,1133,1133,1133,,FALSE,FALSE,FALSE,FALSE,FALSE,,TRUE,TRUE,TRUE,TRUE,,TRUE,TRUE,TRUE,,TRUE,TRUE,,TRUE
4220,,4042,2033,2033,2033,2033,2033,,FALSE,FALSE,FALSE,FALSE,FALSE,,TRUE,TRUE,TRUE,TRUE,,TRUE,TRUE,TRUE,,TRUE,TRUE,,TRUE
4221,,1142,2133,2042,2133,2133,2133,,FALSE,FALSE,FALSE,FALSE,FALSE,,FALSE,TRUE,TRUE,TRUE,,FALSE,FALSE,FALSE,,TRUE,TRUE,,TRUE
4222,,2233,2142,2233,2142,2142,2142,,FALSE,TRUE,FALSE,FALSE,FALSE,,FALSE,TRUE,TRUE,TRUE,,FALSE,FALSE,FALSE,,TRUE,TRUE,,TRUE
4230,,42,42,42,42,42,42,,TRUE,TRUE,TRUE,TRUE,TRUE,,TRUE,TRUE,TRUE,TRUE,,TRUE,TRUE,TRUE,,TRUE,TRUE,,TRUE
4231,,1042,1042,1042,1042,1042,1042,,TRUE,TRUE,TRUE,TRUE,TRUE,,TRUE,TRUE,TRUE,TRUE,,TRUE,TRUE,TRUE,,TRUE,TRUE,,TRUE
4232,,2242,2042,2042,2042,2042,2042,,FALSE,FALSE,FALSE,FALSE,FALSE,,TRUE,TRUE,TRUE,TRUE,,TRUE,TRUE,TRUE,,TRUE,TRUE,,TRUE
4233,,3042,3042,3042,3042,3042,3042,,TRUE,TRUE,TRUE,TRUE,TRUE,,TRUE,TRUE,TRUE,TRUE,,TRUE,TRUE,TRUE,,TRUE,TRUE,,TRUE
4240,,4033,3042,3042,3042,1042,1042,,FALSE,FALSE,FALSE,FALSE,FALSE,,TRUE,TRUE,FALSE,FALSE,,TRUE,FALSE,FALSE,,FALSE,FALSE,,TRUE
4241,,1142,4042,4042,4042,4042,4042,,FALSE,FALSE,FALSE,FALSE,FALSE,,TRUE,TRUE,TRUE,TRUE,,TRUE,TRUE,TRUE,,TRUE,TRUE,,TRUE
4242,,4142,3242,2142,2142,2142,2142,,FALSE,FALSE,FALSE,FALSE,FALSE,,FALSE,FALSE,FALSE,FALSE,,TRUE,TRUE,TRUE,,TRUE,TRUE,,TRUE
4243,,4333,4042,4042,4042,4042,4042,,FALSE,FALSE,FALSE,FALSE,FALSE,,TRUE,TRUE,TRUE,TRUE,,TRUE,TRUE,TRUE,,TRUE,TRUE,,TRUE
4244,,4142,4433,4433,4142,4433,4433,,FALSE,FALSE,TRUE,FALSE,FALSE,,TRUE,FALSE,TRUE,TRUE,,FALSE,TRUE,TRUE,,FALSE,FALSE,,TRUE
4310,,43,43,43,43,43,43,,TRUE,TRUE,TRUE,TRUE,TRUE,,TRUE,TRUE,TRUE,TRUE,,TRUE,TRUE,TRUE,,TRUE,TRUE,,TRUE
4311,,4143,1043,1043,1043,1043,1043,,FALSE,FALSE,FALSE,FALSE,FALSE,,TRUE,TRUE,TRUE,TRUE,,TRUE,TRUE,TRUE,,TRUE,TRUE,,TRUE
4320,,43,43,43,43,43,43,,TRUE,TRUE,TRUE,TRUE,TRUE,,TRUE,TRUE,TRUE,TRUE,,TRUE,TRUE,TRUE,,TRUE,TRUE,,TRUE
4321,,1043,1143,1043,1043,1043,1043,,FALSE,TRUE,TRUE,TRUE,TRUE,,FALSE,FALSE,FALSE,FALSE,,TRUE,TRUE,TRUE,,TRUE,TRUE,,TRUE
4322,,2143,2043,2043,2043,2043,2043,,FALSE,FALSE,FALSE,FALSE,FALSE,,TRUE,TRUE,TRUE,TRUE,,TRUE,TRUE,TRUE,,TRUE,TRUE,,TRUE
4330,,1043,1043,1043,1043,1043,1043,,TRUE,TRUE,TRUE,TRUE,TRUE,,TRUE,TRUE,TRUE,TRUE,,TRUE,TRUE,TRUE,,TRUE,TRUE,,TRUE
4331,,4343,1143,1143,1143,1143,1143,,FALSE,FALSE,FALSE,FALSE,FALSE,,TRUE,TRUE,TRUE,TRUE,,TRUE,TRUE,TRUE,,TRUE,TRUE,,TRUE
4332,,2243,3043,3043,3043,3043,3043,,FALSE,FALSE,FALSE,FALSE,FALSE,,TRUE,TRUE,TRUE,TRUE,,TRUE,TRUE,TRUE,,TRUE,TRUE,,TRUE
4333,,3143,3143,3143,3143,3143,3143,,TRUE,TRUE,TRUE,TRUE,TRUE,,TRUE,TRUE,TRUE,TRUE,,TRUE,TRUE,TRUE,,TRUE,TRUE,,TRUE
4340,,2043,2043,2043,3043,3043,3043,,TRUE,TRUE,FALSE,FALSE,FALSE,,TRUE,FALSE,FALSE,FALSE,,FALSE,FALSE,FALSE,,TRUE,TRUE,,TRUE
4341,,2143,4043,4043,4043,4043,4043,,FALSE,FALSE,FALSE,FALSE,FALSE,,TRUE,TRUE,TRUE,TRUE,,TRUE,TRUE,TRUE,,TRUE,TRUE,,TRUE
4342,,4143,4043,4043,4043,4043,4043,,FALSE,FALSE,FALSE,FALSE,FALSE,,TRUE,TRUE,TRUE,TRUE,,TRUE,TRUE,TRUE,,TRUE,TRUE,,TRUE
4343,,3243,3243,3343,4143,3343,3343,,TRUE,FALSE,FALSE,FALSE,FALSE,,FALSE,FALSE,FALSE,FALSE,,FALSE,TRUE,TRUE,,FALSE,FALSE,,TRUE
4344,,4243,4243,4243,4243,4243,4243,,TRUE,TRUE,TRUE,TRUE,TRUE,,TRUE,TRUE,TRUE,TRUE,,TRUE,TRUE,TRUE,,TRUE,TRUE,,TRUE
4410,,44,44,44,44,44,44,,TRUE,TRUE,TRUE,TRUE,TRUE,,TRUE,TRUE,TRUE,TRUE,,TRUE,TRUE,TRUE,,TRUE,TRUE,,TRUE
4411,,1044,1044,1044,1044,1044,1044,,TRUE,TRUE,TRUE,TRUE,TRUE,,TRUE,TRUE,TRUE,TRUE,,TRUE,TRUE,TRUE,,TRUE,TRUE,,TRUE
4420,,1044,1044,1044,1044,1044,1044,,TRUE,TRUE,TRUE,TRUE,TRUE,,TRUE,TRUE,TRUE,TRUE,,TRUE,TRUE,TRUE,,TRUE,TRUE,,TRUE
4421,,2044,2044,2044,2044,2044,2044,,TRUE,TRUE,TRUE,TRUE,TRUE,,TRUE,TRUE,TRUE,TRUE,,TRUE,TRUE,TRUE,,TRUE,TRUE,,TRUE
4422,,2144,2144,2144,2144,2144,2144,,TRUE,TRUE,TRUE,TRUE,TRUE,,TRUE,TRUE,TRUE,TRUE,,TRUE,TRUE,TRUE,,TRUE,TRUE,,TRUE
4430,,2044,2044,2044,2044,2044,2044,,TRUE,TRUE,TRUE,TRUE,TRUE,,TRUE,TRUE,TRUE,TRUE,,TRUE,TRUE,TRUE,,TRUE,TRUE,,TRUE
4431,,3044,3044,3044,3044,3044,3044,,TRUE,TRUE,TRUE,TRUE,TRUE,,TRUE,TRUE,TRUE,TRUE,,TRUE,TRUE,TRUE,,TRUE,TRUE,,TRUE
4432,,3144,3144,2244,2244,2244,2244,,TRUE,FALSE,FALSE,FALSE,FALSE,,FALSE,FALSE,FALSE,FALSE,,TRUE,TRUE,TRUE,,TRUE,TRUE,,TRUE
4433,,3244,3244,3244,3244,3244,3244,,TRUE,TRUE,TRUE,TRUE,TRUE,,TRUE,TRUE,TRUE,TRUE,,TRUE,TRUE,TRUE,,TRUE,TRUE,,TRUE
4440,,3044,3044,3044,3044,3044,3044,,TRUE,TRUE,TRUE,TRUE,TRUE,,TRUE,TRUE,TRUE,TRUE,,TRUE,TRUE,TRUE,,TRUE,TRUE,,TRUE
4441,,3144,3144,4044,4044,4044,4044,,TRUE,FALSE,FALSE,FALSE,FALSE,,FALSE,FALSE,FALSE,FALSE,,TRUE,TRUE,TRUE,,TRUE,TRUE,,TRUE
4442,,4144,3244,3244,3244,3244,3244,,FALSE,FALSE,FALSE,FALSE,FALSE,,TRUE,TRUE,TRUE,TRUE,,TRUE,TRUE,TRUE,,TRUE,TRUE,,TRUE
4443,,4244,4244,4244,4244,4244,4244,,TRUE,TRUE,TRUE,TRUE,TRUE,,TRUE,TRUE,TRUE,TRUE,,TRUE,TRUE,TRUE,,TRUE,TRUE,,TRUE
4444,,4344,4344,4344,4344,4344,4344,,TRUE,TRUE,TRUE,TRUE,TRUE,,TRUE,TRUE,TRUE,TRUE,,TRUE,TRUE,TRUE,,TRUE,TRUE,,TRUE
